{
  "name": "plugin",
  "version": "3.1.0",
  "homepage": "https://github.com/mobify/plugin",
  "authors": [
    "Mobify <jobs@mobify.com>"
  ],
  "description": "A mobile first accordion UI plugin",
  "main": "dist/plugin.min.js",
  "keywords": [
    "plugin",
    "factory",
    "mobile",
    "mobify"
  ],
  "license": "MIT",
  "ignore": [
    "./!(src|dist|lib|templates)"
  ],
  "dependencies": {
    "requirejs-text": "~2.0.12",
    "requirejs": "~2.1.14"
  },
  "_release": "3.1.0",
  "_resolution": {
    "type": "version",
    "tag": "3.1.0",
    "commit": "57afa0724710f775bd6a4bd182168b965ab84b40"
  },
  "_source": "git://github.com/mobify/plugin.git",
  "_target": "~3.1.0",
  "_originalSource": "plugin"
}