{
  "name": "leaflet.locatecontrol",
  "version": "0.32.0",
  "homepage": "https://github.com/domoritz/leaflet-locatecontrol",
  "authors": [
    "Dominik Moritz <domoritz@gmail.com>"
  ],
  "description": "A useful control to geolocate the user with many options. Used by osm.org and mapbox among many others.",
  "main": "src/L.Control.Locate.js",
  "devDependencies": {
    "leaflet": "~0.7.0"
  },
  "directories": {
    "example": "demo"
  },
  "repository": {
    "type": "git",
    "url": "git@github.com:domoritz/leaflet-locatecontrol.git"
  },
  "keywords": [
    "leaflet",
    "locate",
    "plugin"
  ],
  "license": "MIT",
  "readmeFilename": "README.md",
  "_release": "0.32.0",
  "_resolution": {
    "type": "version",
    "tag": "v0.32.0",
    "commit": "1d8d1fe599fe079e904fe8de900f916162d3747a"
  },
  "_source": "git://github.com/domoritz/leaflet-locatecontrol.git",
  "_target": "~0.32.0",
  "_originalSource": "leaflet.locatecontrol"
}