{
  "name": "ac-components",
  "authors": [
    {
      "name": "Yves Richard",
      "email": "yves.richard@tesera.com"
    }
  ],
  "main": [
    "dist/ac-components.js"
  ],
  "ignore": [
    "src",
    "test",
    "Gruntfile.js",
    "**/.*"
  ],
  "dependencies": {
    "lodash": "~2.4.1",
    "jquery": "~2.1.1",
    "angular": "~1.2.21",
    "angular-sanitize": "~1.2.21",
    "mapbox.js": "~2.1.3",
    "Leaflet.label": "~0.2.1",
    "leaflet.locatecontrol": "~0.32.0",
    "moment": "~2.8.4",
    "bootstrap-sass-official": "~3.1.1",
    "eonasdan-bootstrap-datetimepicker": "~3.1.3"
  },
  "devDependencies": {
    "angular-mocks": "~1.3.0",
    "angular-scenario": "~1.2.21"
  },
  "homepage": "https://github.com/avalanche-canada/ac-components",
  "_release": "20537d7d70",
  "_resolution": {
    "type": "branch",
    "branch": "master",
    "commit": "20537d7d709826c03388358c6d48798af69592f7"
  },
  "_source": "git://github.com/avalanche-canada/ac-components.git",
  "_target": "master",
  "_originalSource": "avalanche-canada/ac-components"
}