{
  "name": "auth0-angular",
  "main": "build/auth0-angular.js",
  "dependencies": {
    "angular": "*",
    "auth0.js": ">= 5.2.2",
    "auth0-lock": ">= 6.3.0"
  },
  "devDependencies": {
    "angular-mocks": "~1.3.0",
    "angular-route": "~1.3.0"
  },
  "resolutions": {
    "angular": "1.3.0"
  },
  "homepage": "https://github.com/auth0/auth0-angular",
  "version": "4.0.5",
  "_release": "4.0.5",
  "_resolution": {
    "type": "version",
    "tag": "v4.0.5",
    "commit": "6eb64a3553719b220844af895ca71e279c509ca9"
  },
  "_source": "git://github.com/auth0/auth0-angular.git",
  "_target": "~4.0.1",
  "_originalSource": "auth0-angular"
}