{
  "name": "mapbox.js",
  "main": [
    "mapbox.css",
    "mapbox.js",
    "images/*"
  ],
  "version": "2.1.9",
  "homepage": "https://github.com/mapbox/mapbox.js",
  "authors": [
    "Mapbox"
  ],
  "description": "Mapbox Javascript API",
  "keywords": [
    "mapbox",
    "leaflet",
    "maps",
    "map"
  ],
  "license": "See LICENSE.md",
  "ignore": [
    "**/.*",
    "node_modules",
    "bower_components",
    "test",
    "examples"
  ],
  "_release": "2.1.9",
  "_resolution": {
    "type": "version",
    "tag": "v2.1.9",
    "commit": "c5898b6db076152061403003244486ac77ab2c89"
  },
  "_source": "git://github.com/mapbox/mapbox.js-bower.git",
  "_target": "~2.1.3",
  "_originalSource": "mapbox.js"
}